{
  "command": [
    {
      "name": "ticket",
      "actions": [
        {
          "name": "ticket embed senden",
          "category": "Message",
          "type": "Send Embed",
          "messageActionRows": [
            {
              "rowtype": "button",
              "buttons": [
                {
                  "label": "Support",
                  "customid": "support",
                  "style": "SECONDARY",
                  "emoji": "<:nightv:983790956128120862>",
                  "URL": "",
                  "ephemeral": true
                },
                {
                  "label": "Purchase",
                  "customid": "bewerbung",
                  "style": "SECONDARY",
                  "emoji": "<:nightv:983790956128120862>",
                  "URL": "",
                  "ephemeral": true
                }
              ]
            }
          ],
          "channelname": "${dbsVars.CommandChannel.id}",
          "color": "9819FF",
          "title": "Ticketsystem",
          "url": "",
          "authorname": "",
          "authorimageurl": "",
          "authorlink": "",
          "description": "Press on the button to open a ticket.\n\n:envelope_with_arrow: = Support Ticket\n:shopping_cart: = Purchase Ticket",
          "thumbnail": "https://cdn.discordapp.com/attachments/950814532383690752/976883345810149386/blob-scene-haikei_1_1.png",
          "image": "",
          "footer": "Soulsense Support Bot",
          "timestamp": "false",
          "savetovariable": "",
          "savetovariabletype": "temp"
        }
      ]
    }
  ]
}