{
  "command": [
    {
      "name": "User Joins Server",
      "perms": [],
      "actions": [],
      "var": {
        "user": "newuser"
      }
    },
    {
      "name": "Any Message",
      "perms": [],
      "actions": [],
      "var": {}
    },
    {
      "name": "User Kicked",
      "perms": [],
      "actions": [],
      "var": {
        "user": "kickuser"
      }
    },
    {
      "name": "User Banned",
      "perms": [],
      "actions": [],
      "var": {
        "user": "banuser"
      }
    },
    {
      "name": "Bot Initialization",
      "perms": [],
      "actions": [],
      "var": {}
    },
    {
      "name": "Channel Create",
      "perms": [],
      "actions": [],
      "var": {
        "channel": "createdchannel"
      }
    },
    {
      "name": "Channel Delete",
      "perms": [],
      "actions": [],
      "var": {
        "channel": "deletedchannel"
      }
    },
    {
      "name": "Channel Pins Update",
      "perms": [],
      "actions": [],
      "var": {
        "channel": "updatepinschannel"
      }
    },
    {
      "name": "Channel Update",
      "perms": [],
      "actions": [],
      "var": {
        "channel": "updatechannel"
      }
    },
    {
      "name": "Emoji Create",
      "perms": [],
      "actions": [],
      "var": {
        "channel": "createdemoji"
      }
    },
    {
      "name": "Emoji Delete",
      "perms": [],
      "actions": [],
      "var": {
        "channel": "deletedemoji"
      }
    },
    {
      "name": "Emoji Update",
      "perms": [],
      "actions": [],
      "var": {
        "channel": "updatedemoji"
      }
    },
    {
      "name": "Guild Ban Remove",
      "perms": [],
      "actions": [],
      "var": {
        "channel": ""
      }
    },
    {
      "name": "Guild Create",
      "perms": [],
      "actions": [],
      "var": {
        "channel": ""
      }
    },
    {
      "name": "Guild Delete",
      "perms": [],
      "actions": [],
      "var": {
        "channel": ""
      }
    },
    {
      "name": "Guild Member Available",
      "perms": [],
      "actions": [],
      "var": {
        "channel": ""
      }
    },
    {
      "name": "Guild Member Speaking",
      "perms": [],
      "actions": [],
      "var": {
        "channel": ""
      }
    },
    {
      "name": "Guild Member Update",
      "perms": [],
      "actions": [],
      "var": {
        "channel": ""
      }
    },
    {
      "name": "Guild Unavailable",
      "perms": [],
      "actions": [],
      "var": {
        "channel": ""
      }
    },
    {
      "name": "Guild Update",
      "perms": [],
      "actions": [],
      "var": {
        "channel": ""
      }
    },
    {
      "name": "Message Delete",
      "perms": [],
      "actions": [],
      "var": {
        "channel": ""
      }
    },
    {
      "name": "Message Update",
      "perms": [],
      "actions": [],
      "var": {
        "channel": ""
      }
    },
    {
      "name": "Role Create",
      "perms": [],
      "actions": [],
      "var": {
        "channel": ""
      }
    },
    {
      "name": "Role Delete",
      "perms": [],
      "actions": [],
      "var": {
        "channel": ""
      }
    },
    {
      "name": "Role Update",
      "perms": [],
      "actions": [],
      "var": {
        "channel": ""
      }
    },
    {
      "name": "Typing Start",
      "perms": [],
      "actions": [],
      "var": {
        "channel": ""
      }
    },
    {
      "name": "User Update",
      "perms": [],
      "actions": [],
      "var": {
        "channel": ""
      }
    },
    {
      "name": "Button Interaction",
      "perms": [],
      "actions": [
        {
          "name": "switch case",
          "category": "Control",
          "type": "Switch Case",
          "valueActions": {
            "support": [
              {
                "name": "support ticket erstellen",
                "category": "Channel Action",
                "type": "Create Channel",
                "messageActionRows": [],
                "channelname": "support ${tempVars.buttoninteraction.user.tag}",
                "chancategory": "993195102895865896",
                "reason": "Neues Ticket",
                "channeltype": "Text",
                "savetovariable": "support",
                "savetovariabletype": "temp"
              },
              {
                "name": "log",
                "category": "Message",
                "type": "Send Embed",
                "messageActionRows": [],
                "channelname": "993195305887608923",
                "color": "9819FF",
                "title": "New ticket opened",
                "url": "",
                "authorname": "",
                "authorimageurl": "",
                "authorlink": "",
                "description": "User: <@${tempVars.buttoninteraction.member.id}>\nName: ${tempVars.buttoninteraction.member.displayName}\nTicket: Support",
                "thumbnail": "https://cdn.discordapp.com/attachments/950814532383690752/976883345810149386/blob-scene-haikei_1_1.png",
                "image": "",
                "footer": "Soulsense Support Bot",
                "timestamp": "false",
                "savetovariable": "",
                "savetovariabletype": "temp"
              },
              {
                "name": "1 sek warten",
                "category": "Control",
                "type": "Wait",
                "messageActionRows": [],
                "waitduration": "1",
                "unit": "seconds"
              },
              {
                "name": "sd",
                "category": "Interaction",
                "type": "Reply To Interaction With Message",
                "messageActionRows": [],
                "interactionobject": "${tempVars.buttoninteraction}",
                "messagetext": "Thanks for opening a ticket. <#${tempVars.support.id}>"
              },
              {
                "name": "everyone verbieten",
                "category": "Channel Action",
                "type": "Update Channel Permissions",
                "messageActionRows": [],
                "channelname": "${tempVars.support.id}",
                "permid": "989874505595895899",
                "permissions": [
                  "VIEW_CHANNEL",
                  "SEND_MESSAGES"
                ],
                "allow": "Deny"
              },
              {
                "name": "ticket owner erlauben",
                "category": "Channel Action",
                "type": "Update Channel Permissions",
                "messageActionRows": [],
                "channelname": "${tempVars.support.id}",
                "permid": "${tempVars.buttoninteraction.member.id}",
                "permissions": [
                  "VIEW_CHANNEL",
                  "SEND_MESSAGES"
                ],
                "allow": "Allow"
              },
              {
                "name": "team erlauben",
                "category": "Channel Action",
                "type": "Update Channel Permissions",
                "messageActionRows": [],
                "channelname": "${tempVars.support.id}",
                "permid": "993190258499924069",
                "permissions": [
                  "VIEW_CHANNEL",
                  "SEND_MESSAGES"
                ],
                "allow": "Allow"
              },
              {
                "name": "nachricht im ticket",
                "category": "Message",
                "type": "Send Embed",
                "messageActionRows": [
                  {
                    "rowtype": "button",
                    "buttons": [
                      {
                        "label": "🖐 Ticket Claimen",
                        "customid": "claim",
                        "style": "SUCCESS",
                        "emoji": "",
                        "URL": "",
                        "ephemeral": false
                      },
                      {
                        "label": "🔒 Ticket Schließen",
                        "customid": "close",
                        "style": "DANGER",
                        "emoji": "",
                        "URL": "",
                        "ephemeral": false
                      }
                    ]
                  }
                ],
                "channelname": "${tempVars.support.id}",
                "color": "9819FF",
                "title": "New support ticket created",
                "url": "",
                "authorname": "",
                "authorimageurl": "",
                "authorlink": "",
                "description": "**Thanks for reaching our support.**\nA Staff member will assist you in a moment.\n\n**Created by**\n${tempVars.buttoninteraction.user.tag}",
                "thumbnail": "https://cdn.discordapp.com/attachments/950814532383690752/976883345810149386/blob-scene-haikei_1_1.pngf",
                "image": "",
                "footer": "Soulsense Support Bot",
                "timestamp": "false",
                "savetovariable": "",
                "savetovariabletype": "temp"
              },
              {
                "name": "2 sek warten",
                "category": "Control",
                "type": "Wait",
                "messageActionRows": [],
                "waitduration": "2",
                "unit": "seconds"
              }
            ],
            "bewerbung": [
              {
                "name": "bewerbungs ticket erstellen",
                "category": "Channel Action",
                "type": "Create Channel",
                "messageActionRows": [],
                "channelname": "purchase ${tempVars.buttoninteraction.user.tag}",
                "chancategory": "993195102895865896",
                "reason": "Neues Ticket",
                "channeltype": "Text",
                "savetovariable": "bewerbung",
                "savetovariabletype": "temp"
              },
              {
                "name": "log_3",
                "category": "Message",
                "type": "Send Embed",
                "messageActionRows": [],
                "channelname": "993195305887608923",
                "color": "9819FF",
                "title": "New Ticket open",
                "url": "",
                "authorname": "",
                "authorimageurl": "",
                "authorlink": "",
                "description": "User: <@${tempVars.buttoninteraction.member.id}>\nName: ${tempVars.buttoninteraction.member.displayName}\nTicket: Purchase ",
                "thumbnail": "https://cdn.discordapp.com/attachments/950814532383690752/976883345810149386/blob-scene-haikei_1_1.png",
                "image": "",
                "footer": "Soulsense Support Bot",
                "timestamp": "false",
                "savetovariable": "",
                "savetovariabletype": "temp"
              },
              {
                "name": "1 sek warten_3",
                "category": "Control",
                "type": "Wait",
                "messageActionRows": [],
                "waitduration": "1",
                "unit": "seconds"
              },
              {
                "name": "sd_1_2",
                "category": "Interaction",
                "type": "Reply To Interaction With Message",
                "messageActionRows": [],
                "interactionobject": "${tempVars.buttoninteraction}",
                "messagetext": "Thanks for opening a ticket. <#${tempVars.bewerbung.id}>"
              },
              {
                "name": "everyone verbieten_3",
                "category": "Channel Action",
                "type": "Update Channel Permissions",
                "messageActionRows": [],
                "channelname": "${tempVars.bewerbung.id}",
                "permid": "989874505595895899",
                "permissions": [
                  "VIEW_CHANNEL",
                  "SEND_MESSAGES"
                ],
                "allow": "Deny"
              },
              {
                "name": "ticket owner erlauben_3",
                "category": "Channel Action",
                "type": "Update Channel Permissions",
                "messageActionRows": [],
                "channelname": "${tempVars.bewerbung.id}",
                "permid": "${tempVars.buttoninteraction.member.id}",
                "permissions": [
                  "VIEW_CHANNEL",
                  "SEND_MESSAGES"
                ],
                "allow": "Allow"
              },
              {
                "name": "team erlauben_3",
                "category": "Channel Action",
                "type": "Update Channel Permissions",
                "messageActionRows": [],
                "channelname": "${tempVars.bewerbung.id}",
                "permid": "993190258499924069",
                "permissions": [
                  "VIEW_CHANNEL",
                  "SEND_MESSAGES"
                ],
                "allow": "Allow"
              },
              {
                "name": "nachricht im ticket_3",
                "category": "Message",
                "type": "Send Embed",
                "messageActionRows": [
                  {
                    "rowtype": "button",
                    "buttons": [
                      {
                        "label": "🖐 Claim Ticket",
                        "customid": "claim4",
                        "style": "SUCCESS",
                        "emoji": "",
                        "URL": "",
                        "ephemeral": false
                      },
                      {
                        "label": "🔒 Close Ticket",
                        "customid": "close4",
                        "style": "DANGER",
                        "emoji": "",
                        "URL": "",
                        "ephemeral": false
                      }
                    ]
                  }
                ],
                "channelname": "${tempVars.bewerbung.id}",
                "color": "9819FF",
                "title": "New purchase ticket open",
                "url": "",
                "authorname": "",
                "authorimageurl": "",
                "authorlink": "",
                "description": "**Thanks for reaching our support.**\nA Staff member will assist you in a moment.\n\n**Created by**\n${tempVars.buttoninteraction.user.tag}",
                "thumbnail": "https://cdn.discordapp.com/attachments/950814532383690752/976883345810149386/blob-scene-haikei_1_1.png",
                "image": "",
                "footer": "Soulsense Support Bot",
                "timestamp": "false",
                "savetovariable": "",
                "savetovariabletype": "temp"
              },
              {
                "name": "2 sek warten_3",
                "category": "Control",
                "type": "Wait",
                "messageActionRows": [],
                "waitduration": "2",
                "unit": "seconds"
              }
            ],
            "close": [
              {
                "name": "ticket löschen",
                "category": "Channel Action",
                "type": "Delete Channel",
                "messageActionRows": [],
                "channelname": "${tempVars.buttoninteraction.channelId}",
                "reason": ""
              }
            ],
            "close2": [
              {
                "name": "ticket löschen_1",
                "category": "Channel Action",
                "type": "Delete Channel",
                "messageActionRows": [],
                "channelname": "${tempVars.buttoninteraction.channelId}",
                "reason": ""
              }
            ],
            "close3": [
              {
                "name": "ticket löschen_2",
                "category": "Channel Action",
                "type": "Delete Channel",
                "messageActionRows": [],
                "channelname": "${tempVars.buttoninteraction.channelId}",
                "reason": ""
              }
            ],
            "close4": [
              {
                "name": "ticket löschen_3",
                "category": "Channel Action",
                "type": "Delete Channel",
                "messageActionRows": [],
                "channelname": "${tempVars.buttoninteraction.channelId}",
                "reason": ""
              }
            ],
            "claim": [
              {
                "name": "claimed",
                "category": "Message",
                "type": "Send Embed",
                "messageActionRows": [],
                "channelname": "${tempVars.support.id}",
                "color": "9819FF",
                "title": "A Staff member claimed your ticket!",
                "url": "",
                "authorname": "",
                "authorimageurl": "",
                "authorlink": "",
                "description": "You'll be assisted from <@${tempVars.buttoninteraction.member.id}>.",
                "thumbnail": "https://cdn.discordapp.com/attachments/950814532383690752/976883345810149386/blob-scene-haikei_1_1.png",
                "image": "",
                "footer": "Soulsense Support Bot",
                "timestamp": "false",
                "savetovariable": "",
                "savetovariabletype": "temp"
              },
              {
                "name": "delete claimed ding",
                "category": "Interaction",
                "type": "Delete Interaction Reply",
                "messageActionRows": [],
                "interactionobject": "${tempVars.buttoninteraction}"
              }
            ],
            "claim2": [
              {
                "name": "claimed_1",
                "category": "Message",
                "type": "Send Embed",
                "messageActionRows": [],
                "channelname": "${tempVars.spenden.id}",
                "color": "9819FF",
                "title": "A Staff member claimed your ticket!",
                "url": "",
                "authorname": "",
                "authorimageurl": "",
                "authorlink": "",
                "description": "You'll be assisted from <@${tempVars.buttoninteraction.member.id}>.",
                "thumbnail": "https://cdn.discordapp.com/attachments/950814532383690752/976883345810149386/blob-scene-haikei_1_1.png",
                "image": "",
                "footer": "Soulsense Support Bot",
                "timestamp": "false",
                "savetovariable": "",
                "savetovariabletype": "temp"
              },
              {
                "name": "delete claimed ding_1",
                "category": "Interaction",
                "type": "Delete Interaction Reply",
                "messageActionRows": [],
                "interactionobject": "${tempVars.buttoninteraction}"
              }
            ],
            "claim3": [
              {
                "name": "claimed_2",
                "category": "Message",
                "type": "Send Embed",
                "messageActionRows": [],
                "channelname": "${tempVars.fraktion.id}",
                "color": "9819FF",
                "title": "A Staff member claimed your ticket!",
                "url": "",
                "authorname": "",
                "authorimageurl": "",
                "authorlink": "",
                "description": "You'll be assisted from <@${tempVars.buttoninteraction.member.id}>.",
                "thumbnail": "https://cdn.discordapp.com/attachments/950814532383690752/976883345810149386/blob-scene-haikei_1_1.png",
                "image": "",
                "footer": "Soulsense Support Bot",
                "timestamp": "false",
                "savetovariable": "",
                "savetovariabletype": "temp"
              },
              {
                "name": "delete claimed ding_2",
                "category": "Interaction",
                "type": "Delete Interaction Reply",
                "messageActionRows": [],
                "interactionobject": "${tempVars.buttoninteraction}"
              }
            ],
            "claim4": [
              {
                "name": "claimed_3",
                "category": "Message",
                "type": "Send Embed",
                "messageActionRows": [],
                "channelname": "${tempVars.bewerbung.id}",
                "color": "9819FF",
                "title": "A Staff member claimed your ticket!",
                "url": "",
                "authorname": "",
                "authorimageurl": "",
                "authorlink": "",
                "description": "You'll be assisted from <@${tempVars.buttoninteraction.member.id}>.",
                "thumbnail": "https://cdn.discordapp.com/attachments/950814532383690752/976883345810149386/blob-scene-haikei_1_1.png",
                "image": "",
                "footer": "Soulsense Support Bot",
                "timestamp": "false",
                "savetovariable": "",
                "savetovariabletype": "temp"
              },
              {
                "name": "delete claimed ding_3",
                "category": "Interaction",
                "type": "Delete Interaction Reply",
                "messageActionRows": [],
                "interactionobject": "${tempVars.buttoninteraction}"
              }
            ]
          },
          "messageActionRows": [],
          "varname": "${tempVars.buttoninteraction.customId}"
        }
      ],
      "var": {
        "channel": ""
      }
    },
    {
      "name": "Select Interaction",
      "perms": [],
      "actions": [],
      "var": {
        "channel": ""
      }
    },
    {
      "name": "Command Interaction",
      "perms": [],
      "actions": [],
      "var": {
        "channel": ""
      }
    }
  ]
}