{
  "nodes": [
    {
      "type": "event",
      "name": "User Joins Server",
      "guid": "49ebbc23-2903-4f05-ab69-bc9ecb4f067e",
      "variables": {
        "user": "newuser"
      },
      "outputs": [
        {
          "label": "responses",
          "connections": []
        }
      ],
      "inputs": [],
      "x": 99,
      "y": 90,
      "perms": []
    },
    {
      "type": "event",
      "name": "Any Message",
      "guid": "49ebbc23-2903-4f05-ab69-bc9ecb4f8888",
      "variables": {},
      "outputs": [
        {
          "label": "responses",
          "connections": []
        }
      ],
      "inputs": [],
      "x": 101,
      "y": 400,
      "perms": []
    },
    {
      "type": "event",
      "name": "User Kicked",
      "guid": "69ebbc23-2903-4f05-ab69-bc9ecb4f067e",
      "variables": {
        "user": "kickuser"
      },
      "outputs": [
        {
          "label": "responses",
          "connections": []
        }
      ],
      "inputs": [],
      "x": 99,
      "y": 200,
      "perms": []
    },
    {
      "type": "event",
      "name": "User Banned",
      "guid": "77ebbc23-2003-4f05-ab69-bc9ecb4f067e",
      "variables": {
        "user": "banuser"
      },
      "outputs": [
        {
          "label": "responses",
          "connections": []
        }
      ],
      "inputs": [],
      "x": 100,
      "y": 300,
      "perms": []
    },
    {
      "type": "event",
      "name": "Bot Initialization",
      "guid": "0101bc23-2003-4f05-ab69-bc9ecb4f067e",
      "variables": {},
      "outputs": [
        {
          "label": "responses",
          "connections": []
        }
      ],
      "inputs": [],
      "x": 100,
      "y": 500,
      "perms": []
    },
    {
      "type": "event",
      "name": "Channel Create",
      "guid": "3333bc23-2993-4f05-ab69-bc9ecb4f067e",
      "variables": {
        "channel": "createdchannel"
      },
      "outputs": [
        {
          "label": "responses",
          "connections": []
        }
      ],
      "inputs": [],
      "x": 100,
      "y": 610,
      "perms": []
    },
    {
      "type": "event",
      "name": "Channel Delete",
      "guid": "3387bc23-2993-4f05-ab69-bc9ecb49877e",
      "variables": {
        "channel": "deletedchannel"
      },
      "outputs": [
        {
          "label": "responses",
          "connections": []
        }
      ],
      "inputs": [],
      "x": 100,
      "y": 720,
      "perms": []
    },
    {
      "type": "event",
      "name": "Channel Pins Update",
      "guid": "1287bc23-2993-dudu-ab69-bc9ecb49877e",
      "variables": {
        "channel": "updatepinschannel"
      },
      "outputs": [
        {
          "label": "responses",
          "connections": []
        }
      ],
      "inputs": [],
      "x": 100,
      "y": 830,
      "perms": []
    },
    {
      "type": "event",
      "name": "Channel Update",
      "guid": "0009zzv3-2993-dudu-ab69-bc9ecb49877e",
      "variables": {
        "channel": "updatechannel"
      },
      "outputs": [
        {
          "label": "responses",
          "connections": []
        }
      ],
      "inputs": [],
      "x": 100,
      "y": 940,
      "perms": []
    },
    {
      "type": "event",
      "name": "Emoji Create",
      "guid": "0008zzv3-2993-dudu-ab69-bc9hhb49877e",
      "variables": {
        "channel": "createdemoji"
      },
      "outputs": [
        {
          "label": "responses",
          "connections": []
        }
      ],
      "inputs": [],
      "x": 100,
      "y": 1050,
      "perms": []
    },
    {
      "type": "event",
      "name": "Emoji Delete",
      "guid": "0028zzv3-2993-dudu-ab69-bc9hhb49877e",
      "variables": {
        "channel": "deletedemoji"
      },
      "outputs": [
        {
          "label": "responses",
          "connections": []
        }
      ],
      "inputs": [],
      "x": 100,
      "y": 1160,
      "perms": []
    },
    {
      "type": "event",
      "name": "Emoji Update",
      "guid": "1128zzv3-2773-dudu-ab69-bc9hhb49877e",
      "variables": {
        "channel": "updatedemoji"
      },
      "outputs": [
        {
          "label": "responses",
          "connections": []
        }
      ],
      "inputs": [],
      "x": 100,
      "y": 1270,
      "perms": []
    },
    {
      "type": "event",
      "name": "Guild Ban Remove",
      "guid": "0909zzv3-2773-dudu-ab69-bc9hhb49877e",
      "variables": {
        "channel": ""
      },
      "outputs": [
        {
          "label": "responses",
          "connections": []
        }
      ],
      "inputs": [],
      "x": 100,
      "y": 1370,
      "perms": []
    },
    {
      "type": "event",
      "name": "Guild Create",
      "guid": "0909zzv3-2773-dudu-3456-bc9hhb49877e",
      "variables": {
        "channel": ""
      },
      "outputs": [
        {
          "label": "responses",
          "connections": []
        }
      ],
      "inputs": [],
      "x": 100,
      "y": 1480,
      "perms": []
    },
    {
      "type": "event",
      "name": "Guild Delete",
      "guid": "0909zzv3-2773-dudu-ab69-bc9hhb49877e",
      "variables": {
        "channel": ""
      },
      "outputs": [
        {
          "label": "responses",
          "connections": []
        }
      ],
      "inputs": [],
      "x": 100,
      "y": 1590,
      "perms": []
    },
    {
      "type": "event",
      "name": "Guild Member Available",
      "guid": "0909zzv3-2773-dudu-ab69-bc9hh020202e",
      "variables": {
        "channel": ""
      },
      "outputs": [
        {
          "label": "responses",
          "connections": []
        }
      ],
      "inputs": [],
      "x": 100,
      "y": 1700,
      "perms": []
    },
    {
      "type": "event",
      "name": "Guild Member Speaking",
      "guid": "09uuuiv3-2773-dudu-ab69-bc9hh020202e",
      "variables": {
        "channel": ""
      },
      "outputs": [
        {
          "label": "responses",
          "connections": []
        }
      ],
      "inputs": [],
      "x": 100,
      "y": 1810,
      "perms": []
    },
    {
      "type": "event",
      "name": "Guild Member Update",
      "guid": "0yyuuiv3-2773-dudu-ab69-bc9hh020202e",
      "variables": {
        "channel": ""
      },
      "outputs": [
        {
          "label": "responses",
          "connections": []
        }
      ],
      "inputs": [],
      "x": 100,
      "y": 1920,
      "perms": []
    },
    {
      "type": "event",
      "name": "Guild Unavailable",
      "guid": "0yyuukkk-2773-dudu-ab69-bc9hh020202e",
      "variables": {
        "channel": ""
      },
      "outputs": [
        {
          "label": "responses",
          "connections": []
        }
      ],
      "inputs": [],
      "x": 100,
      "y": 2030,
      "perms": []
    },
    {
      "type": "event",
      "name": "Guild Update",
      "guid": "0yyuukkk-2773-dudu-ab69-bc9h9890202e",
      "variables": {
        "channel": ""
      },
      "outputs": [
        {
          "label": "responses",
          "connections": []
        }
      ],
      "inputs": [],
      "x": 100,
      "y": 2140,
      "perms": []
    },
    {
      "type": "event",
      "name": "Message Delete",
      "guid": "0y111112-2773-dudu-ab69-bc9h9890202e",
      "variables": {
        "channel": ""
      },
      "outputs": [
        {
          "label": "responses",
          "connections": []
        }
      ],
      "inputs": [],
      "x": 100,
      "y": 2250,
      "perms": []
    },
    {
      "type": "event",
      "name": "Message Update",
      "guid": "0y111112-2773-dudu-ab69-bc9h9333202e",
      "variables": {
        "channel": ""
      },
      "outputs": [
        {
          "label": "responses",
          "connections": []
        }
      ],
      "inputs": [],
      "x": 100,
      "y": 2360,
      "perms": []
    },
    {
      "type": "event",
      "name": "Role Create",
      "guid": "0y111112-2773-d44u-ab69-bc9h9333202e",
      "variables": {
        "channel": ""
      },
      "outputs": [
        {
          "label": "responses",
          "connections": []
        }
      ],
      "inputs": [],
      "x": 100,
      "y": 2470,
      "perms": []
    },
    {
      "type": "event",
      "name": "Role Delete",
      "guid": "0y111112-2773-d44u-ab69-b5555633202e",
      "variables": {
        "channel": ""
      },
      "outputs": [
        {
          "label": "responses",
          "connections": []
        }
      ],
      "inputs": [],
      "x": 100,
      "y": 2580,
      "perms": []
    },
    {
      "type": "event",
      "name": "Role Update",
      "guid": "0y111pg2-2773-d44u-ayu9-b5555633202e",
      "variables": {
        "channel": ""
      },
      "outputs": [
        {
          "label": "responses",
          "connections": []
        }
      ],
      "inputs": [],
      "x": 100,
      "y": 2690,
      "perms": []
    },
    {
      "type": "event",
      "name": "Typing Start",
      "guid": "0y1737g2-2773-d44u-ayu9-b5555633202e",
      "variables": {
        "channel": ""
      },
      "outputs": [
        {
          "label": "responses",
          "connections": []
        }
      ],
      "inputs": [],
      "x": 100,
      "y": 2800,
      "perms": []
    },
    {
      "type": "event",
      "name": "User Update",
      "guid": "0y1737g2-2773-d44u-ayu9-b5555tttyt2e",
      "variables": {
        "channel": ""
      },
      "outputs": [
        {
          "label": "responses",
          "connections": []
        }
      ],
      "inputs": [],
      "x": 100,
      "y": 2910,
      "perms": []
    },
    {
      "type": "event",
      "name": "Button Interaction",
      "guid": "0y1700g2-2773-d44u-ayu9-b5555886yt2e",
      "variables": {
        "channel": ""
      },
      "outputs": [
        {
          "label": "responses",
          "connections": [
            "ba929b17-aa50-4814-860e-d85f9a27b09b"
          ]
        }
      ],
      "inputs": [],
      "x": 101,
      "y": 3013,
      "perms": []
    },
    {
      "type": "event",
      "name": "Select Interaction",
      "guid": "0y17qzg2-2773-pp4u-ayu9-b55q4886yt2e",
      "variables": {
        "channel": ""
      },
      "outputs": [
        {
          "label": "responses",
          "connections": []
        }
      ],
      "inputs": [],
      "x": 100,
      "y": 3130,
      "perms": []
    },
    {
      "type": "event",
      "name": "Command Interaction",
      "guid": "0y17nnm2-2773-pp4u-ayu9-b55q4886yt2e",
      "variables": {
        "channel": ""
      },
      "outputs": [
        {
          "label": "responses",
          "connections": []
        }
      ],
      "inputs": [],
      "x": 100,
      "y": 3240,
      "perms": []
    },
    {
      "type": "response",
      "name": "switch case",
      "guid": "ba929b17-aa50-4814-860e-d85f9a27b09b",
      "reactionFields": [],
      "embedfields": [],
      "outputs": [
        {
          "label": "support",
          "connections": [
            "3b6c0895-df8f-42f2-8aa1-3139a07817bd",
            "9028fad2-4e32-48eb-8cd5-224400a68af8"
          ]
        },
        {
          "label": "spenden",
          "connections": [
            "063602c5-8c78-4eb0-909a-63aa70002f57",
            "50da28bc-ad98-43a3-890d-60468c1a9839"
          ]
        },
        {
          "label": "fraktion",
          "connections": [
            "705ad5b0-5ab4-42df-bb23-f390ffb9b7a3",
            "5ea13cb5-d6af-4506-80db-c525c2924bc3"
          ]
        },
        {
          "label": "bewerbung",
          "connections": [
            "de2e948d-53c2-49cf-a5d5-8c1bdbee9e95",
            "0fd7aad0-9db1-4490-88c8-587f32d3f771"
          ]
        },
        {
          "label": "close",
          "connections": [
            "60971518-e9cc-46e1-b7e3-bcdb75784762"
          ]
        },
        {
          "label": "close2",
          "connections": [
            "e3c0668e-8b88-48d2-a452-f7a3a334013c"
          ]
        },
        {
          "label": "close3",
          "connections": [
            "ca3541a4-1e8d-4bfa-9869-dc5567de8dce"
          ]
        },
        {
          "label": "close4",
          "connections": [
            "b2eae398-c1e4-4c4a-9021-db1d69827002"
          ]
        },
        {
          "label": "claim",
          "connections": [
            "3532d2f5-d222-415a-ab98-9a8c8522ccba"
          ]
        },
        {
          "label": "claim2",
          "connections": [
            "2d41a9fa-fbdf-4ff1-ab3f-0ddd7b40dd65"
          ]
        },
        {
          "label": "claim3",
          "connections": [
            "78d21a62-1614-4763-b876-bc7d241a9697"
          ]
        },
        {
          "label": "claim4",
          "connections": [
            "175358e5-a00b-42eb-9333-ccbda0d39a1e"
          ]
        }
      ],
      "inputs": [
        {
          "label": "trigger",
          "id": "0y1700g2-2773-d44u-ayu9-b5555886yt2e"
        }
      ],
      "x": 293,
      "y": 2946,
      "rtype": "Control",
      "rsubtype": "Switch Case",
      "formdata": [
        "${tempVars.buttoninteraction.customId}"
      ],
      "formnames": [
        "varname",
        "switchvalue1",
        "switchvalue2",
        "switchvalue3",
        "switchvalue4",
        "switchvalue5",
        "switchvalue6",
        "switchvalue7",
        "switchvalue8",
        "switchvalue9",
        "switchvalue10",
        "switchvalue11",
        "switchvalue12"
      ],
      "messageActionRows": [],
      "valueFields": [
        "support",
        "spenden",
        "fraktion",
        "bewerbung",
        "close",
        "close2",
        "close3",
        "close4",
        "claim",
        "claim2",
        "claim3",
        "claim4"
      ]
    },
    {
      "type": "response",
      "name": "support ticket erstellen",
      "guid": "3b6c0895-df8f-42f2-8aa1-3139a07817bd",
      "reactionFields": [],
      "embedfields": [],
      "saveToVariable": "support",
      "saveToVariableType": "temp",
      "outputs": [
        {
          "label": "next response",
          "connections": [
            "3cc10f79-219e-4ffe-a1f7-c9c9c9887f13"
          ]
        }
      ],
      "inputs": [
        {
          "label": "trigger",
          "id": "ba929b17-aa50-4814-860e-d85f9a27b09b"
        }
      ],
      "x": 489,
      "y": 2895,
      "rtype": "Channel Action",
      "rsubtype": "Create Channel",
      "formdata": [
        "support ${tempVars.buttoninteraction.user.tag}",
        "983372867561455700",
        "Neues Ticket",
        "Text",
        "support",
        "temp"
      ],
      "formnames": [
        "channelname",
        "chancategory",
        "reason",
        "channeltype",
        "saveToVariable",
        "saveToVariableType"
      ],
      "messageActionRows": [],
      "valueFields": []
    },
    {
      "type": "response",
      "name": "spenden ticket erstellen",
      "guid": "063602c5-8c78-4eb0-909a-63aa70002f57",
      "reactionFields": [],
      "embedfields": [],
      "saveToVariable": "spenden",
      "saveToVariableType": "temp",
      "outputs": [
        {
          "label": "next response",
          "connections": [
            "e52b85ca-4507-4f78-a054-53b734870bfe"
          ]
        }
      ],
      "inputs": [
        {
          "label": "trigger",
          "id": "ba929b17-aa50-4814-860e-d85f9a27b09b"
        }
      ],
      "x": 490,
      "y": 3040,
      "rtype": "Channel Action",
      "rsubtype": "Create Channel",
      "formdata": [
        "spenden ${tempVars.buttoninteraction.user.tag}",
        "983372867561455701",
        "Neues Ticket",
        "Text",
        "spenden",
        "temp"
      ],
      "formnames": [
        "channelname",
        "chancategory",
        "reason",
        "channeltype",
        "saveToVariable",
        "saveToVariableType"
      ],
      "messageActionRows": [],
      "valueFields": []
    },
    {
      "type": "response",
      "name": "fraktions ticket erstellen",
      "guid": "705ad5b0-5ab4-42df-bb23-f390ffb9b7a3",
      "reactionFields": [],
      "embedfields": [],
      "saveToVariable": "fraktion",
      "saveToVariableType": "temp",
      "outputs": [
        {
          "label": "next response",
          "connections": [
            "86ec4988-2c16-4feb-aa3d-4090e38dd012"
          ]
        }
      ],
      "inputs": [
        {
          "label": "trigger",
          "id": "ba929b17-aa50-4814-860e-d85f9a27b09b"
        }
      ],
      "x": 492,
      "y": 3185,
      "rtype": "Channel Action",
      "rsubtype": "Create Channel",
      "formdata": [
        "fraktion ${tempVars.buttoninteraction.user.tag}",
        "983372867561455702",
        "Neues Ticket",
        "Text",
        "fraktion",
        "temp"
      ],
      "formnames": [
        "channelname",
        "chancategory",
        "reason",
        "channeltype",
        "saveToVariable",
        "saveToVariableType"
      ],
      "messageActionRows": [],
      "valueFields": []
    },
    {
      "type": "response",
      "name": "bewerbungs ticket erstellen",
      "guid": "de2e948d-53c2-49cf-a5d5-8c1bdbee9e95",
      "reactionFields": [],
      "embedfields": [],
      "saveToVariable": "bewerbung",
      "saveToVariableType": "temp",
      "outputs": [
        {
          "label": "next response",
          "connections": [
            "5189b8a1-62da-40fe-8ba0-740a8aeaaf4d"
          ]
        }
      ],
      "inputs": [
        {
          "label": "trigger",
          "id": "ba929b17-aa50-4814-860e-d85f9a27b09b"
        }
      ],
      "x": 494,
      "y": 3335,
      "rtype": "Channel Action",
      "rsubtype": "Create Channel",
      "formdata": [
        "bewerbung ${tempVars.buttoninteraction.user.tag}",
        "983372867561455703",
        "Neues Ticket",
        "Text",
        "bewerbung",
        "temp"
      ],
      "formnames": [
        "channelname",
        "chancategory",
        "reason",
        "channeltype",
        "saveToVariable",
        "saveToVariableType"
      ],
      "messageActionRows": [],
      "valueFields": []
    },
    {
      "type": "response",
      "name": "everyone verbieten",
      "guid": "dedba38b-d2e6-4781-9de7-be91db5398a5",
      "reactionFields": [],
      "embedfields": [],
      "outputs": [
        {
          "label": "next response",
          "connections": [
            "817fe572-aaf4-49a4-90e7-e9dc493623bd"
          ]
        }
      ],
      "inputs": [
        {
          "label": "trigger",
          "id": "cf6304cf-a597-4cbb-9ff5-a97459fefce5"
        }
      ],
      "x": 859,
      "y": 2900,
      "rtype": "Channel Action",
      "rsubtype": "Update Channel Permissions",
      "formdata": [
        "${tempVars.support.id}",
        "983372866789724220",
        [
          "VIEW_CHANNEL",
          "SEND_MESSAGES"
        ],
        "Deny"
      ],
      "formnames": [
        "channelName",
        "permid",
        "permissions",
        "allow"
      ],
      "messageActionRows": [],
      "valueFields": []
    },
    {
      "type": "response",
      "name": "everyone verbieten_1",
      "guid": "480bee7c-e413-4b9c-989d-7617943b2e58",
      "reactionFields": [],
      "embedfields": [],
      "outputs": [
        {
          "label": "next response",
          "connections": [
            "56e8e0e6-d41c-48df-b5d7-c336ae66b96e"
          ]
        }
      ],
      "inputs": [
        {
          "label": "trigger",
          "id": "de0ee01e-9cb2-4465-910b-139a563be1bb"
        }
      ],
      "x": 858,
      "y": 3045,
      "rtype": "Channel Action",
      "rsubtype": "Update Channel Permissions",
      "formdata": [
        "${tempVars.spenden.id}",
        "983372866789724220",
        [
          "VIEW_CHANNEL",
          "SEND_MESSAGES"
        ],
        "Deny"
      ],
      "formnames": [
        "channelName",
        "permid",
        "permissions",
        "allow"
      ],
      "messageActionRows": [],
      "valueFields": []
    },
    {
      "type": "response",
      "name": "everyone verbieten_2",
      "guid": "0ebd8dcf-4ac6-4657-9ab7-e58889e90dcf",
      "reactionFields": [],
      "embedfields": [],
      "outputs": [
        {
          "label": "next response",
          "connections": [
            "9ace23a9-abf1-4c8b-8f53-21af39603338"
          ]
        }
      ],
      "inputs": [
        {
          "label": "trigger",
          "id": "821bbebf-285b-4928-8fd8-cf794832b151"
        }
      ],
      "x": 859,
      "y": 3189,
      "rtype": "Channel Action",
      "rsubtype": "Update Channel Permissions",
      "formdata": [
        "${tempVars.fraktion.id}",
        "983372866789724220",
        [
          "VIEW_CHANNEL",
          "SEND_MESSAGES"
        ],
        "Deny"
      ],
      "formnames": [
        "channelName",
        "permid",
        "permissions",
        "allow"
      ],
      "messageActionRows": [],
      "valueFields": []
    },
    {
      "type": "response",
      "name": "everyone verbieten_3",
      "guid": "ca22d1db-9e6d-472d-85d1-2e1bae6fb271",
      "reactionFields": [],
      "embedfields": [],
      "outputs": [
        {
          "label": "next response",
          "connections": [
            "d657366c-b49c-4d83-a6f3-8a2c24a1a7c8"
          ]
        }
      ],
      "inputs": [
        {
          "label": "trigger",
          "id": "35c2815d-f73d-4137-9731-170fd7f99df5"
        }
      ],
      "x": 856,
      "y": 3339,
      "rtype": "Channel Action",
      "rsubtype": "Update Channel Permissions",
      "formdata": [
        "${tempVars.bewerbung.id}",
        "983372866789724220",
        [
          "VIEW_CHANNEL",
          "SEND_MESSAGES"
        ],
        "Deny"
      ],
      "formnames": [
        "channelName",
        "permid",
        "permissions",
        "allow"
      ],
      "messageActionRows": [],
      "valueFields": []
    },
    {
      "type": "response",
      "name": "ticket owner erlauben",
      "guid": "817fe572-aaf4-49a4-90e7-e9dc493623bd",
      "reactionFields": [],
      "embedfields": [],
      "outputs": [
        {
          "label": "next response",
          "connections": [
            "f3372163-8a7d-41e1-886f-0d16068b16c5"
          ]
        }
      ],
      "inputs": [
        {
          "label": "trigger",
          "id": "dedba38b-d2e6-4781-9de7-be91db5398a5"
        }
      ],
      "x": 1047,
      "y": 2897,
      "rtype": "Channel Action",
      "rsubtype": "Update Channel Permissions",
      "formdata": [
        "${tempVars.support.id}",
        "${tempVars.buttoninteraction.member.id}",
        [
          "VIEW_CHANNEL",
          "SEND_MESSAGES"
        ],
        "Allow"
      ],
      "formnames": [
        "channelName",
        "permid",
        "permissions",
        "allow"
      ],
      "messageActionRows": [],
      "valueFields": []
    },
    {
      "type": "response",
      "name": "ticket owner erlauben_1",
      "guid": "56e8e0e6-d41c-48df-b5d7-c336ae66b96e",
      "reactionFields": [],
      "embedfields": [],
      "outputs": [
        {
          "label": "next response",
          "connections": [
            "07e7e428-f705-4bfc-85bc-b333cc120692"
          ]
        }
      ],
      "inputs": [
        {
          "label": "trigger",
          "id": "480bee7c-e413-4b9c-989d-7617943b2e58"
        }
      ],
      "x": 1045,
      "y": 3043,
      "rtype": "Channel Action",
      "rsubtype": "Update Channel Permissions",
      "formdata": [
        "${tempVars.spenden.id}",
        "${tempVars.buttoninteraction.member.id}",
        [
          "VIEW_CHANNEL",
          "SEND_MESSAGES"
        ],
        "Allow"
      ],
      "formnames": [
        "channelName",
        "permid",
        "permissions",
        "allow"
      ],
      "messageActionRows": [],
      "valueFields": []
    },
    {
      "type": "response",
      "name": "ticket owner erlauben_2",
      "guid": "9ace23a9-abf1-4c8b-8f53-21af39603338",
      "reactionFields": [],
      "embedfields": [],
      "outputs": [
        {
          "label": "next response",
          "connections": [
            "0c08a7a3-f4e1-47cc-b983-f707785945bd"
          ]
        }
      ],
      "inputs": [
        {
          "label": "trigger",
          "id": "0ebd8dcf-4ac6-4657-9ab7-e58889e90dcf"
        }
      ],
      "x": 1046,
      "y": 3190,
      "rtype": "Channel Action",
      "rsubtype": "Update Channel Permissions",
      "formdata": [
        "${tempVars.fraktion.id}",
        "${tempVars.buttoninteraction.member.id}",
        [
          "VIEW_CHANNEL",
          "SEND_MESSAGES"
        ],
        "Allow"
      ],
      "formnames": [
        "channelName",
        "permid",
        "permissions",
        "allow"
      ],
      "messageActionRows": [],
      "valueFields": []
    },
    {
      "type": "response",
      "name": "ticket owner erlauben_3",
      "guid": "d657366c-b49c-4d83-a6f3-8a2c24a1a7c8",
      "reactionFields": [],
      "embedfields": [],
      "outputs": [
        {
          "label": "next response",
          "connections": [
            "122ccd7d-6f98-40ee-8b80-459013a2b70a"
          ]
        }
      ],
      "inputs": [
        {
          "label": "trigger",
          "id": "ca22d1db-9e6d-472d-85d1-2e1bae6fb271"
        }
      ],
      "x": 1047,
      "y": 3341,
      "rtype": "Channel Action",
      "rsubtype": "Update Channel Permissions",
      "formdata": [
        "${tempVars.bewerbung.id}",
        "${tempVars.buttoninteraction.member.id}",
        [
          "VIEW_CHANNEL",
          "SEND_MESSAGES"
        ],
        "Allow"
      ],
      "formnames": [
        "channelName",
        "permid",
        "permissions",
        "allow"
      ],
      "messageActionRows": [],
      "valueFields": []
    },
    {
      "type": "response",
      "name": "nachricht im ticket",
      "guid": "89c3e281-89c9-4673-a445-265f97f71768",
      "reactionFields": [],
      "embedfields": [],
      "outputs": [
        {
          "label": "next response",
          "connections": [
            "94c54622-024f-4090-8603-74c59f023ea8"
          ]
        }
      ],
      "inputs": [
        {
          "label": "trigger",
          "id": "f3372163-8a7d-41e1-886f-0d16068b16c5"
        }
      ],
      "x": 1226,
      "y": 2902,
      "rtype": "Message",
      "rsubtype": "Send Embed",
      "formdata": [
        "${tempVars.support.id}",
        "9819FF",
        "Es wurde ein neues Support Ticket erstellt",
        "",
        "",
        "",
        "",
        "**Danke das sie ein ticket geöffnet haben!**\nErzähle uns dein Problem und wir helfen ihnen weiter.\n\n**Erstelt von**\n${tempVars.buttoninteraction.user.tag}",
        "https://cdn.discordapp.com/attachments/951137643285086298/984439897752469534/Animation.gif",
        "",
        "Offizieller Bot by Colin | Night-V 💜",
        "false",
        "",
        "temp"
      ],
      "formnames": [
        "channelname",
        "color",
        "title",
        "url",
        "authorname",
        "authorimageurl",
        "authorlink",
        "description",
        "thumbnail",
        "image",
        "footer",
        "timestamp",
        "saveToVariable",
        "saveToVariableType"
      ],
      "messageActionRows": [
        {
          "rowtype": "button",
          "buttons": [
            {
              "label": "🖐 Ticket Claimen",
              "customid": "claim",
              "style": "SUCCESS",
              "emoji": "",
              "URL": "",
              "ephemeral": false
            },
            {
              "label": "🔒 Ticket Schließen",
              "customid": "close",
              "style": "DANGER",
              "emoji": "",
              "URL": "",
              "ephemeral": false
            }
          ]
        }
      ],
      "valueFields": []
    },
    {
      "type": "response",
      "name": "nachricht im ticket_1",
      "guid": "a00fa090-3059-41b8-9d5b-8a7041409eed",
      "reactionFields": [],
      "embedfields": [],
      "outputs": [
        {
          "label": "next response",
          "connections": [
            "3aedd0d2-2077-4589-abc5-67dee5561a5c"
          ]
        }
      ],
      "inputs": [
        {
          "label": "trigger",
          "id": "07e7e428-f705-4bfc-85bc-b333cc120692"
        }
      ],
      "x": 1226,
      "y": 3047,
      "rtype": "Message",
      "rsubtype": "Send Embed",
      "formdata": [
        "${tempVars.spenden.id}",
        "9819FF",
        "Es wurde ein neues Spenden Ticket erstellt",
        "",
        "",
        "",
        "",
        "**Danke das sie ein ticket geöffnet haben!**\nErzähle uns dein Problem und wir helfen ihnen weiter.\n\n**Erstelt von**\n${tempVars.buttoninteraction.user.tag}",
        "https://cdn.discordapp.com/attachments/951137643285086298/984439897752469534/Animation.gif",
        "",
        "Offizieller Bot by Colin | Night-V 💜",
        "false",
        "",
        "temp"
      ],
      "formnames": [
        "channelname",
        "color",
        "title",
        "url",
        "authorname",
        "authorimageurl",
        "authorlink",
        "description",
        "thumbnail",
        "image",
        "footer",
        "timestamp",
        "saveToVariable",
        "saveToVariableType"
      ],
      "messageActionRows": [
        {
          "rowtype": "button",
          "buttons": [
            {
              "label": "🖐 Ticket Claimen",
              "customid": "claim2",
              "style": "SUCCESS",
              "emoji": "",
              "URL": "",
              "ephemeral": false
            },
            {
              "label": "🔒 Ticket Schließen",
              "customid": "close2",
              "style": "DANGER",
              "emoji": "",
              "URL": "",
              "ephemeral": false
            }
          ]
        }
      ],
      "valueFields": []
    },
    {
      "type": "response",
      "name": "nachricht im ticket_2",
      "guid": "fd304633-3869-4ea5-bf89-ceaafcce8557",
      "reactionFields": [],
      "embedfields": [],
      "outputs": [
        {
          "label": "next response",
          "connections": [
            "6bb7fb1d-99f8-4c6d-b1e9-a44a454fcf0f"
          ]
        }
      ],
      "inputs": [
        {
          "label": "trigger",
          "id": "0c08a7a3-f4e1-47cc-b983-f707785945bd"
        }
      ],
      "x": 1228,
      "y": 3191,
      "rtype": "Message",
      "rsubtype": "Send Embed",
      "formdata": [
        "${tempVars.fraktion.id}",
        "9819FF",
        "Es wurde ein neues Fraktions Ticket erstellt",
        "",
        "",
        "",
        "",
        "**Danke das sie ein ticket geöffnet haben!**\nErzähle uns dein Problem und wir helfen ihnen weiter.\n\n**Erstelt von**\n${tempVars.buttoninteraction.user.tag}",
        "https://cdn.discordapp.com/attachments/951137643285086298/984439897752469534/Animation.gif",
        "",
        "Offizieller Bot by Colin | Night-V 💜",
        "false",
        "",
        "temp"
      ],
      "formnames": [
        "channelname",
        "color",
        "title",
        "url",
        "authorname",
        "authorimageurl",
        "authorlink",
        "description",
        "thumbnail",
        "image",
        "footer",
        "timestamp",
        "saveToVariable",
        "saveToVariableType"
      ],
      "messageActionRows": [
        {
          "rowtype": "button",
          "buttons": [
            {
              "label": "🖐 Ticket Claimen",
              "customid": "claim3",
              "style": "SUCCESS",
              "emoji": "",
              "URL": "",
              "ephemeral": false
            },
            {
              "label": "🔒 Ticket Schließen",
              "customid": "close3",
              "style": "DANGER",
              "emoji": "",
              "URL": "",
              "ephemeral": false
            }
          ]
        }
      ],
      "valueFields": []
    },
    {
      "type": "response",
      "name": "nachricht im ticket_3",
      "guid": "c9c9a487-83b0-4d3f-930b-b23678c0f100",
      "reactionFields": [],
      "embedfields": [],
      "outputs": [
        {
          "label": "next response",
          "connections": [
            "0449ac23-7fd5-4ac1-b4a6-fb4751af3fe8"
          ]
        }
      ],
      "inputs": [
        {
          "label": "trigger",
          "id": "122ccd7d-6f98-40ee-8b80-459013a2b70a"
        }
      ],
      "x": 1229,
      "y": 3348,
      "rtype": "Message",
      "rsubtype": "Send Embed",
      "formdata": [
        "${tempVars.bewerbung.id}",
        "9819FF",
        "Es wurde ein neues Bewerbungs Ticket erstellt",
        "",
        "",
        "",
        "",
        "**Danke das sie ein ticket geöffnet haben!**\nErzähle uns dein Problem und wir helfen ihnen weiter.\n\n**Erstelt von**\n${tempVars.buttoninteraction.user.tag}",
        "https://cdn.discordapp.com/attachments/951137643285086298/984439897752469534/Animation.gif",
        "",
        "Offizieller Bot by Colin | Night-V 💜",
        "false",
        "",
        "temp"
      ],
      "formnames": [
        "channelname",
        "color",
        "title",
        "url",
        "authorname",
        "authorimageurl",
        "authorlink",
        "description",
        "thumbnail",
        "image",
        "footer",
        "timestamp",
        "saveToVariable",
        "saveToVariableType"
      ],
      "messageActionRows": [
        {
          "rowtype": "button",
          "buttons": [
            {
              "label": "🖐 Ticket Claimen",
              "customid": "claim4",
              "style": "SUCCESS",
              "emoji": "",
              "URL": "",
              "ephemeral": false
            },
            {
              "label": "🔒 Ticket Schließen",
              "customid": "close4",
              "style": "DANGER",
              "emoji": "",
              "URL": "",
              "ephemeral": false
            }
          ]
        }
      ],
      "valueFields": []
    },
    {
      "type": "response",
      "name": "1 sek warten",
      "guid": "3cc10f79-219e-4ffe-a1f7-c9c9c9887f13",
      "reactionFields": [],
      "embedfields": [],
      "outputs": [
        {
          "label": "next response",
          "connections": [
            "cf6304cf-a597-4cbb-9ff5-a97459fefce5"
          ]
        }
      ],
      "inputs": [
        {
          "label": "trigger",
          "id": "3b6c0895-df8f-42f2-8aa1-3139a07817bd"
        }
      ],
      "x": 673,
      "y": 2907,
      "rtype": "Control",
      "rsubtype": "Wait",
      "formdata": [
        "1",
        "seconds"
      ],
      "formnames": [
        "waitduration",
        "unit"
      ],
      "messageActionRows": [],
      "valueFields": []
    },
    {
      "type": "response",
      "name": "1 sek warten_1",
      "guid": "e52b85ca-4507-4f78-a054-53b734870bfe",
      "embedfields": [],
      "outputs": [
        {
          "label": "next response",
          "connections": [
            "de0ee01e-9cb2-4465-910b-139a563be1bb"
          ]
        }
      ],
      "inputs": [
        {
          "label": "trigger",
          "id": "063602c5-8c78-4eb0-909a-63aa70002f57"
        }
      ],
      "x": 672,
      "y": 3044,
      "rtype": "Control",
      "rsubtype": "Wait",
      "formdata": [
        "1",
        "seconds"
      ],
      "formnames": [
        "waitduration",
        "unit"
      ],
      "messageActionRows": []
    },
    {
      "type": "response",
      "name": "1 sek warten_2",
      "guid": "86ec4988-2c16-4feb-aa3d-4090e38dd012",
      "embedfields": [],
      "outputs": [
        {
          "label": "next response",
          "connections": [
            "821bbebf-285b-4928-8fd8-cf794832b151"
          ]
        }
      ],
      "inputs": [
        {
          "label": "trigger",
          "id": "705ad5b0-5ab4-42df-bb23-f390ffb9b7a3"
        }
      ],
      "x": 673,
      "y": 3193,
      "rtype": "Control",
      "rsubtype": "Wait",
      "formdata": [
        "1",
        "seconds"
      ],
      "formnames": [
        "waitduration",
        "unit"
      ],
      "messageActionRows": []
    },
    {
      "type": "response",
      "name": "1 sek warten_3",
      "guid": "5189b8a1-62da-40fe-8ba0-740a8aeaaf4d",
      "embedfields": [],
      "outputs": [
        {
          "label": "next response",
          "connections": [
            "35c2815d-f73d-4137-9731-170fd7f99df5"
          ]
        }
      ],
      "inputs": [
        {
          "label": "trigger",
          "id": "de2e948d-53c2-49cf-a5d5-8c1bdbee9e95"
        }
      ],
      "x": 668,
      "y": 3356,
      "rtype": "Control",
      "rsubtype": "Wait",
      "formdata": [
        "1",
        "seconds"
      ],
      "formnames": [
        "waitduration",
        "unit"
      ],
      "messageActionRows": []
    },
    {
      "type": "response",
      "name": "2 sek warten",
      "guid": "94c54622-024f-4090-8603-74c59f023ea8",
      "reactionFields": [],
      "embedfields": [],
      "outputs": [
        {
          "label": "next response",
          "connections": []
        }
      ],
      "inputs": [
        {
          "label": "trigger",
          "id": "89c3e281-89c9-4673-a445-265f97f71768"
        }
      ],
      "x": 1405,
      "y": 2916,
      "rtype": "Control",
      "rsubtype": "Wait",
      "formdata": [
        "2",
        "seconds"
      ],
      "formnames": [
        "waitduration",
        "unit"
      ],
      "messageActionRows": [],
      "valueFields": []
    },
    {
      "type": "response",
      "name": "2 sek warten_1",
      "guid": "3aedd0d2-2077-4589-abc5-67dee5561a5c",
      "embedfields": [],
      "outputs": [
        {
          "label": "next response",
          "connections": []
        }
      ],
      "inputs": [
        {
          "label": "trigger",
          "id": "a00fa090-3059-41b8-9d5b-8a7041409eed"
        }
      ],
      "x": 1403,
      "y": 3058,
      "rtype": "Control",
      "rsubtype": "Wait",
      "formdata": [
        "2",
        "seconds"
      ],
      "formnames": [
        "waitduration",
        "unit"
      ],
      "messageActionRows": []
    },
    {
      "type": "response",
      "name": "2 sek warten_2",
      "guid": "6bb7fb1d-99f8-4c6d-b1e9-a44a454fcf0f",
      "embedfields": [],
      "outputs": [
        {
          "label": "next response",
          "connections": []
        }
      ],
      "inputs": [
        {
          "label": "trigger",
          "id": "fd304633-3869-4ea5-bf89-ceaafcce8557"
        }
      ],
      "x": 1403,
      "y": 3200,
      "rtype": "Control",
      "rsubtype": "Wait",
      "formdata": [
        "2",
        "seconds"
      ],
      "formnames": [
        "waitduration",
        "unit"
      ],
      "messageActionRows": []
    },
    {
      "type": "response",
      "name": "2 sek warten_3",
      "guid": "0449ac23-7fd5-4ac1-b4a6-fb4751af3fe8",
      "embedfields": [],
      "outputs": [
        {
          "label": "next response",
          "connections": []
        }
      ],
      "inputs": [
        {
          "label": "trigger",
          "id": "c9c9a487-83b0-4d3f-930b-b23678c0f100"
        }
      ],
      "x": 1403,
      "y": 3362,
      "rtype": "Control",
      "rsubtype": "Wait",
      "formdata": [
        "2",
        "seconds"
      ],
      "formnames": [
        "waitduration",
        "unit"
      ],
      "messageActionRows": []
    },
    {
      "type": "response",
      "name": "ticket löschen",
      "guid": "60971518-e9cc-46e1-b7e3-bcdb75784762",
      "reactionFields": [],
      "embedfields": [],
      "outputs": [
        {
          "label": "next response",
          "connections": []
        }
      ],
      "inputs": [
        {
          "label": "trigger",
          "id": "ba929b17-aa50-4814-860e-d85f9a27b09b"
        }
      ],
      "x": 233,
      "y": 3425,
      "rtype": "Channel Action",
      "rsubtype": "Delete Channel",
      "formdata": [
        "${tempVars.buttoninteraction.channelId}",
        ""
      ],
      "formnames": [
        "channelname",
        "reason"
      ],
      "messageActionRows": [],
      "valueFields": []
    },
    {
      "type": "response",
      "name": "ticket löschen_1",
      "guid": "e3c0668e-8b88-48d2-a452-f7a3a334013c",
      "embedfields": [],
      "outputs": [
        {
          "label": "next response",
          "connections": []
        }
      ],
      "inputs": [
        {
          "label": "trigger",
          "id": "ba929b17-aa50-4814-860e-d85f9a27b09b"
        }
      ],
      "x": 235,
      "y": 3548,
      "rtype": "Channel Action",
      "rsubtype": "Delete Channel",
      "formdata": [
        "${tempVars.buttoninteraction.channelId}",
        ""
      ],
      "formnames": [
        "channelname",
        "reason"
      ],
      "messageActionRows": []
    },
    {
      "type": "response",
      "name": "ticket löschen_2",
      "guid": "ca3541a4-1e8d-4bfa-9869-dc5567de8dce",
      "embedfields": [],
      "outputs": [
        {
          "label": "next response",
          "connections": []
        }
      ],
      "inputs": [
        {
          "label": "trigger",
          "id": "ba929b17-aa50-4814-860e-d85f9a27b09b"
        }
      ],
      "x": 232,
      "y": 3699,
      "rtype": "Channel Action",
      "rsubtype": "Delete Channel",
      "formdata": [
        "${tempVars.buttoninteraction.channelId}",
        ""
      ],
      "formnames": [
        "channelname",
        "reason"
      ],
      "messageActionRows": []
    },
    {
      "type": "response",
      "name": "ticket löschen_3",
      "guid": "b2eae398-c1e4-4c4a-9021-db1d69827002",
      "embedfields": [],
      "outputs": [
        {
          "label": "next response",
          "connections": []
        }
      ],
      "inputs": [
        {
          "label": "trigger",
          "id": "ba929b17-aa50-4814-860e-d85f9a27b09b"
        }
      ],
      "x": 232,
      "y": 3850,
      "rtype": "Channel Action",
      "rsubtype": "Delete Channel",
      "formdata": [
        "${tempVars.buttoninteraction.channelId}",
        ""
      ],
      "formnames": [
        "channelname",
        "reason"
      ],
      "messageActionRows": []
    },
    {
      "type": "response",
      "name": "team erlauben",
      "guid": "f3372163-8a7d-41e1-886f-0d16068b16c5",
      "reactionFields": [],
      "embedfields": [],
      "outputs": [
        {
          "label": "next response",
          "connections": [
            "89c3e281-89c9-4673-a445-265f97f71768"
          ]
        }
      ],
      "inputs": [
        {
          "label": "trigger",
          "id": "817fe572-aaf4-49a4-90e7-e9dc493623bd"
        }
      ],
      "x": 1132,
      "y": 2909,
      "rtype": "Channel Action",
      "rsubtype": "Update Channel Permissions",
      "formdata": [
        "${tempVars.support.id}",
        "983372866831675402",
        [
          "VIEW_CHANNEL",
          "SEND_MESSAGES"
        ],
        "Allow"
      ],
      "formnames": [
        "channelName",
        "permid",
        "permissions",
        "allow"
      ],
      "messageActionRows": [],
      "valueFields": []
    },
    {
      "type": "response",
      "name": "team erlauben_1",
      "guid": "07e7e428-f705-4bfc-85bc-b333cc120692",
      "reactionFields": [],
      "embedfields": [],
      "outputs": [
        {
          "label": "next response",
          "connections": [
            "a00fa090-3059-41b8-9d5b-8a7041409eed"
          ]
        }
      ],
      "inputs": [
        {
          "label": "trigger",
          "id": "56e8e0e6-d41c-48df-b5d7-c336ae66b96e"
        }
      ],
      "x": 1129,
      "y": 3039,
      "rtype": "Channel Action",
      "rsubtype": "Update Channel Permissions",
      "formdata": [
        "${tempVars.spenden.id}",
        "983372866831675402",
        [
          "VIEW_CHANNEL",
          "SEND_MESSAGES"
        ],
        "Allow"
      ],
      "formnames": [
        "channelName",
        "permid",
        "permissions",
        "allow"
      ],
      "messageActionRows": [],
      "valueFields": []
    },
    {
      "type": "response",
      "name": "team erlauben_2",
      "guid": "0c08a7a3-f4e1-47cc-b983-f707785945bd",
      "reactionFields": [],
      "embedfields": [],
      "outputs": [
        {
          "label": "next response",
          "connections": [
            "fd304633-3869-4ea5-bf89-ceaafcce8557"
          ]
        }
      ],
      "inputs": [
        {
          "label": "trigger",
          "id": "9ace23a9-abf1-4c8b-8f53-21af39603338"
        }
      ],
      "x": 1131,
      "y": 3202,
      "rtype": "Channel Action",
      "rsubtype": "Update Channel Permissions",
      "formdata": [
        "${tempVars.fraktion.id}",
        "983372866831675402",
        [
          "VIEW_CHANNEL",
          "SEND_MESSAGES"
        ],
        "Allow"
      ],
      "formnames": [
        "channelName",
        "permid",
        "permissions",
        "allow"
      ],
      "messageActionRows": [],
      "valueFields": []
    },
    {
      "type": "response",
      "name": "team erlauben_3",
      "guid": "122ccd7d-6f98-40ee-8b80-459013a2b70a",
      "reactionFields": [],
      "embedfields": [],
      "outputs": [
        {
          "label": "next response",
          "connections": [
            "c9c9a487-83b0-4d3f-930b-b23678c0f100"
          ]
        }
      ],
      "inputs": [
        {
          "label": "trigger",
          "id": "d657366c-b49c-4d83-a6f3-8a2c24a1a7c8"
        }
      ],
      "x": 1142,
      "y": 3351,
      "rtype": "Channel Action",
      "rsubtype": "Update Channel Permissions",
      "formdata": [
        "${tempVars.bewerbung.id}",
        "983372866831675402",
        [
          "VIEW_CHANNEL",
          "SEND_MESSAGES"
        ],
        "Allow"
      ],
      "formnames": [
        "channelName",
        "permid",
        "permissions",
        "allow"
      ],
      "messageActionRows": [],
      "valueFields": []
    },
    {
      "type": "response",
      "name": "claimed",
      "guid": "3532d2f5-d222-415a-ab98-9a8c8522ccba",
      "reactionFields": [],
      "embedfields": [],
      "outputs": [
        {
          "label": "next response",
          "connections": [
            "777b2f2b-d0db-4eec-8c5f-a1766db8e7a5"
          ]
        }
      ],
      "inputs": [
        {
          "label": "trigger",
          "id": "ba929b17-aa50-4814-860e-d85f9a27b09b"
        }
      ],
      "x": 468,
      "y": 3512,
      "rtype": "Message",
      "rsubtype": "Send Embed",
      "formdata": [
        "${tempVars.support.id}",
        "9819FF",
        "Ein Supporter hat dein Ticket geclaimt.",
        "",
        "",
        "",
        "",
        "Du wirst nun von <@${tempVars.buttoninteraction.member.id}> supportet.",
        "https://cdn.discordapp.com/attachments/951137643285086298/984439897752469534/Animation.gif",
        "",
        "Offizieller Bot by Colin | Night-V 💜",
        "false",
        "",
        "temp"
      ],
      "formnames": [
        "channelname",
        "color",
        "title",
        "url",
        "authorname",
        "authorimageurl",
        "authorlink",
        "description",
        "thumbnail",
        "image",
        "footer",
        "timestamp",
        "saveToVariable",
        "saveToVariableType"
      ],
      "messageActionRows": [],
      "valueFields": []
    },
    {
      "type": "response",
      "name": "claimed_1",
      "guid": "2d41a9fa-fbdf-4ff1-ab3f-0ddd7b40dd65",
      "reactionFields": [],
      "embedfields": [],
      "outputs": [
        {
          "label": "next response",
          "connections": [
            "114181f5-3437-418f-b340-11ee95b20620"
          ]
        }
      ],
      "inputs": [
        {
          "label": "trigger",
          "id": "ba929b17-aa50-4814-860e-d85f9a27b09b"
        }
      ],
      "x": 467,
      "y": 3639,
      "rtype": "Message",
      "rsubtype": "Send Embed",
      "formdata": [
        "${tempVars.spenden.id}",
        "9819FF",
        "Ein Supporter hat dein Ticket geclaimt.",
        "",
        "",
        "",
        "",
        "Du wirst nun von <@${tempVars.buttoninteraction.member.id}> supportet.",
        "https://cdn.discordapp.com/attachments/951137643285086298/984439897752469534/Animation.gif",
        "",
        "Offizieller Bot by Colin | Night-V 💜",
        "false",
        "",
        "temp"
      ],
      "formnames": [
        "channelname",
        "color",
        "title",
        "url",
        "authorname",
        "authorimageurl",
        "authorlink",
        "description",
        "thumbnail",
        "image",
        "footer",
        "timestamp",
        "saveToVariable",
        "saveToVariableType"
      ],
      "messageActionRows": [],
      "valueFields": []
    },
    {
      "type": "response",
      "name": "claimed_2",
      "guid": "78d21a62-1614-4763-b876-bc7d241a9697",
      "reactionFields": [],
      "embedfields": [],
      "outputs": [
        {
          "label": "next response",
          "connections": [
            "2f64065e-e56c-4c29-bfef-f2a616a4ed26"
          ]
        }
      ],
      "inputs": [
        {
          "label": "trigger",
          "id": "ba929b17-aa50-4814-860e-d85f9a27b09b"
        }
      ],
      "x": 469,
      "y": 3762,
      "rtype": "Message",
      "rsubtype": "Send Embed",
      "formdata": [
        "${tempVars.fraktion.id}",
        "9819FF",
        "Ein Supporter hat dein Ticket geclaimt.",
        "",
        "",
        "",
        "",
        "Du wirst nun von <@${tempVars.buttoninteraction.member.id}> supportet.",
        "https://cdn.discordapp.com/attachments/951137643285086298/984439897752469534/Animation.gif",
        "",
        "Offizieller Bot by Colin | Night-V 💜",
        "false",
        "",
        "temp"
      ],
      "formnames": [
        "channelname",
        "color",
        "title",
        "url",
        "authorname",
        "authorimageurl",
        "authorlink",
        "description",
        "thumbnail",
        "image",
        "footer",
        "timestamp",
        "saveToVariable",
        "saveToVariableType"
      ],
      "messageActionRows": [],
      "valueFields": []
    },
    {
      "type": "response",
      "name": "claimed_3",
      "guid": "175358e5-a00b-42eb-9333-ccbda0d39a1e",
      "reactionFields": [],
      "embedfields": [],
      "outputs": [
        {
          "label": "next response",
          "connections": [
            "da59900f-29ce-4e5c-84f0-1a06dfc04d20"
          ]
        }
      ],
      "inputs": [
        {
          "label": "trigger",
          "id": "ba929b17-aa50-4814-860e-d85f9a27b09b"
        }
      ],
      "x": 469,
      "y": 3885,
      "rtype": "Message",
      "rsubtype": "Send Embed",
      "formdata": [
        "${tempVars.bewerbung.id}",
        "9819FF",
        "Ein Supporter hat dein Ticket geclaimt.",
        "",
        "",
        "",
        "",
        "Du wirst nun von <@${tempVars.buttoninteraction.member.id}> supportet.",
        "https://cdn.discordapp.com/attachments/951137643285086298/984439897752469534/Animation.gif",
        "",
        "Offizieller Bot by Colin | Night-V 💜",
        "false",
        "",
        "temp"
      ],
      "formnames": [
        "channelname",
        "color",
        "title",
        "url",
        "authorname",
        "authorimageurl",
        "authorlink",
        "description",
        "thumbnail",
        "image",
        "footer",
        "timestamp",
        "saveToVariable",
        "saveToVariableType"
      ],
      "messageActionRows": [],
      "valueFields": []
    },
    {
      "type": "response",
      "name": "delete claimed ding",
      "guid": "777b2f2b-d0db-4eec-8c5f-a1766db8e7a5",
      "reactionFields": [],
      "embedfields": [],
      "outputs": [
        {
          "label": "next response",
          "connections": []
        }
      ],
      "inputs": [
        {
          "label": "trigger",
          "id": "3532d2f5-d222-415a-ab98-9a8c8522ccba"
        }
      ],
      "x": 658,
      "y": 3502,
      "rtype": "Interaction",
      "rsubtype": "Delete Interaction Reply",
      "formdata": [
        "${tempVars.buttoninteraction}"
      ],
      "formnames": [
        "interactionobject"
      ],
      "messageActionRows": [],
      "valueFields": []
    },
    {
      "type": "response",
      "name": "delete claimed ding_1",
      "guid": "114181f5-3437-418f-b340-11ee95b20620",
      "embedfields": [],
      "outputs": [
        {
          "label": "next response",
          "connections": []
        }
      ],
      "inputs": [
        {
          "label": "trigger",
          "id": "2d41a9fa-fbdf-4ff1-ab3f-0ddd7b40dd65"
        }
      ],
      "x": 657,
      "y": 3599,
      "rtype": "Interaction",
      "rsubtype": "Delete Interaction Reply",
      "formdata": [
        "${tempVars.buttoninteraction}"
      ],
      "formnames": [
        "interactionobject"
      ],
      "messageActionRows": []
    },
    {
      "type": "response",
      "name": "delete claimed ding_2",
      "guid": "2f64065e-e56c-4c29-bfef-f2a616a4ed26",
      "embedfields": [],
      "outputs": [
        {
          "label": "next response",
          "connections": []
        }
      ],
      "inputs": [
        {
          "label": "trigger",
          "id": "78d21a62-1614-4763-b876-bc7d241a9697"
        }
      ],
      "x": 660,
      "y": 3736,
      "rtype": "Interaction",
      "rsubtype": "Delete Interaction Reply",
      "formdata": [
        "${tempVars.buttoninteraction}"
      ],
      "formnames": [
        "interactionobject"
      ],
      "messageActionRows": []
    },
    {
      "type": "response",
      "name": "delete claimed ding_3",
      "guid": "da59900f-29ce-4e5c-84f0-1a06dfc04d20",
      "embedfields": [],
      "outputs": [
        {
          "label": "next response",
          "connections": []
        }
      ],
      "inputs": [
        {
          "label": "trigger",
          "id": "175358e5-a00b-42eb-9333-ccbda0d39a1e"
        }
      ],
      "x": 664,
      "y": 3871,
      "rtype": "Interaction",
      "rsubtype": "Delete Interaction Reply",
      "formdata": [
        "${tempVars.buttoninteraction}"
      ],
      "formnames": [
        "interactionobject"
      ],
      "messageActionRows": []
    },
    {
      "type": "response",
      "name": "sd",
      "guid": "cf6304cf-a597-4cbb-9ff5-a97459fefce5",
      "reactionFields": [],
      "embedfields": [],
      "outputs": [
        {
          "label": "next response",
          "connections": [
            "dedba38b-d2e6-4781-9de7-be91db5398a5"
          ]
        }
      ],
      "inputs": [
        {
          "label": "trigger",
          "id": "3cc10f79-219e-4ffe-a1f7-c9c9c9887f13"
        }
      ],
      "x": 763,
      "y": 2907,
      "rtype": "Interaction",
      "rsubtype": "Reply To Interaction With Message",
      "formdata": [
        "${tempVars.buttoninteraction}",
        "Danke das du ein Ticket eröffnet hast. <#${tempVars.support.id}>"
      ],
      "formnames": [
        "interactionobject",
        "messageText"
      ],
      "messageActionRows": [],
      "valueFields": []
    },
    {
      "type": "response",
      "name": "sd_1",
      "guid": "de0ee01e-9cb2-4465-910b-139a563be1bb",
      "reactionFields": [],
      "embedfields": [],
      "outputs": [
        {
          "label": "next response",
          "connections": [
            "480bee7c-e413-4b9c-989d-7617943b2e58"
          ]
        }
      ],
      "inputs": [
        {
          "label": "trigger",
          "id": "e52b85ca-4507-4f78-a054-53b734870bfe"
        }
      ],
      "x": 764,
      "y": 3050,
      "rtype": "Interaction",
      "rsubtype": "Reply To Interaction With Message",
      "formdata": [
        "${tempVars.buttoninteraction}",
        "Danke das du ein Ticket eröffnet hast. <#${tempVars.spenden.id}>"
      ],
      "formnames": [
        "interactionobject",
        "messageText"
      ],
      "messageActionRows": [],
      "valueFields": []
    },
    {
      "type": "response",
      "name": "sd_1_1",
      "guid": "821bbebf-285b-4928-8fd8-cf794832b151",
      "reactionFields": [],
      "embedfields": [],
      "outputs": [
        {
          "label": "next response",
          "connections": [
            "0ebd8dcf-4ac6-4657-9ab7-e58889e90dcf"
          ]
        }
      ],
      "inputs": [
        {
          "label": "trigger",
          "id": "86ec4988-2c16-4feb-aa3d-4090e38dd012"
        }
      ],
      "x": 763,
      "y": 3201,
      "rtype": "Interaction",
      "rsubtype": "Reply To Interaction With Message",
      "formdata": [
        "${tempVars.buttoninteraction}",
        "Danke das du ein Ticket eröffnet hast. <#${tempVars.fraktion.id}>"
      ],
      "formnames": [
        "interactionobject",
        "messageText"
      ],
      "messageActionRows": [],
      "valueFields": []
    },
    {
      "type": "response",
      "name": "sd_1_2",
      "guid": "35c2815d-f73d-4137-9731-170fd7f99df5",
      "reactionFields": [],
      "embedfields": [],
      "outputs": [
        {
          "label": "next response",
          "connections": [
            "ca22d1db-9e6d-472d-85d1-2e1bae6fb271"
          ]
        }
      ],
      "inputs": [
        {
          "label": "trigger",
          "id": "5189b8a1-62da-40fe-8ba0-740a8aeaaf4d"
        }
      ],
      "x": 764,
      "y": 3350,
      "rtype": "Interaction",
      "rsubtype": "Reply To Interaction With Message",
      "formdata": [
        "${tempVars.buttoninteraction}",
        "Danke das du ein Ticket eröffnet hast. <#${tempVars.bewerbung.id}>"
      ],
      "formnames": [
        "interactionobject",
        "messageText"
      ],
      "messageActionRows": [],
      "valueFields": []
    },
    {
      "type": "response",
      "name": "log",
      "guid": "9028fad2-4e32-48eb-8cd5-224400a68af8",
      "reactionFields": [],
      "embedfields": [],
      "outputs": [
        {
          "label": "next response",
          "connections": []
        }
      ],
      "inputs": [
        {
          "label": "trigger",
          "id": "ba929b17-aa50-4814-860e-d85f9a27b09b"
        }
      ],
      "x": 290,
      "y": 2755,
      "rtype": "Message",
      "rsubtype": "Send Embed",
      "formdata": [
        "989560705462194247",
        "9819FF",
        "Es wurde ein neues Ticket erstellt",
        "",
        "",
        "",
        "",
        "User: <@${tempVars.buttoninteraction.member.id}>\nName: ${tempVars.buttoninteraction.member.displayName}\nTicket: Support",
        "https://cdn.discordapp.com/attachments/951137643285086298/984439897752469534/Animation.gif",
        "",
        "Offizieller Bot by Colin | Night-V 💜",
        "false",
        "",
        "temp"
      ],
      "formnames": [
        "channelname",
        "color",
        "title",
        "url",
        "authorname",
        "authorimageurl",
        "authorlink",
        "description",
        "thumbnail",
        "image",
        "footer",
        "timestamp",
        "saveToVariable",
        "saveToVariableType"
      ],
      "messageActionRows": [],
      "valueFields": []
    },
    {
      "type": "response",
      "name": "log_1",
      "guid": "50da28bc-ad98-43a3-890d-60468c1a9839",
      "reactionFields": [],
      "embedfields": [],
      "outputs": [
        {
          "label": "next response",
          "connections": []
        }
      ],
      "inputs": [
        {
          "label": "trigger",
          "id": "ba929b17-aa50-4814-860e-d85f9a27b09b"
        }
      ],
      "x": 460,
      "y": 2758,
      "rtype": "Message",
      "rsubtype": "Send Embed",
      "formdata": [
        "989560705462194247",
        "9819FF",
        "Es wurde ein neues Ticket erstellt",
        "",
        "",
        "",
        "",
        "User: <@${tempVars.buttoninteraction.member.id}>\nName: ${tempVars.buttoninteraction.member.displayName}\nTicket: Spenden ",
        "https://cdn.discordapp.com/attachments/951137643285086298/984439897752469534/Animation.gif",
        "",
        "Offizieller Bot by Colin | Night-V 💜",
        "false",
        "",
        "temp"
      ],
      "formnames": [
        "channelname",
        "color",
        "title",
        "url",
        "authorname",
        "authorimageurl",
        "authorlink",
        "description",
        "thumbnail",
        "image",
        "footer",
        "timestamp",
        "saveToVariable",
        "saveToVariableType"
      ],
      "messageActionRows": [],
      "valueFields": []
    },
    {
      "type": "response",
      "name": "log_2",
      "guid": "5ea13cb5-d6af-4506-80db-c525c2924bc3",
      "reactionFields": [],
      "embedfields": [],
      "outputs": [
        {
          "label": "next response",
          "connections": []
        }
      ],
      "inputs": [
        {
          "label": "trigger",
          "id": "ba929b17-aa50-4814-860e-d85f9a27b09b"
        }
      ],
      "x": 636,
      "y": 2758,
      "rtype": "Message",
      "rsubtype": "Send Embed",
      "formdata": [
        "989560705462194247",
        "9819FF",
        "Es wurde ein neues Ticket erstellt",
        "",
        "",
        "",
        "",
        "User: <@${tempVars.buttoninteraction.member.id}>\nName: ${tempVars.buttoninteraction.member.displayName}\nTicket: Fraktion",
        "https://cdn.discordapp.com/attachments/951137643285086298/984439897752469534/Animation.gif",
        "",
        "Offizieller Bot by Colin | Night-V 💜",
        "false",
        "",
        "temp"
      ],
      "formnames": [
        "channelname",
        "color",
        "title",
        "url",
        "authorname",
        "authorimageurl",
        "authorlink",
        "description",
        "thumbnail",
        "image",
        "footer",
        "timestamp",
        "saveToVariable",
        "saveToVariableType"
      ],
      "messageActionRows": [],
      "valueFields": []
    },
    {
      "type": "response",
      "name": "log_3",
      "guid": "0fd7aad0-9db1-4490-88c8-587f32d3f771",
      "reactionFields": [],
      "embedfields": [],
      "outputs": [
        {
          "label": "next response",
          "connections": []
        }
      ],
      "inputs": [
        {
          "label": "trigger",
          "id": "ba929b17-aa50-4814-860e-d85f9a27b09b"
        }
      ],
      "x": 817,
      "y": 2761,
      "rtype": "Message",
      "rsubtype": "Send Embed",
      "formdata": [
        "989560705462194247",
        "9819FF",
        "Es wurde ein neues Ticket erstellt",
        "",
        "",
        "",
        "",
        "User: <@${tempVars.buttoninteraction.member.id}>\nName: ${tempVars.buttoninteraction.member.displayName}\nTicket: Bewerbung ",
        "https://cdn.discordapp.com/attachments/951137643285086298/984439897752469534/Animation.gif",
        "",
        "Offizieller Bot by Colin | Night-V 💜",
        "false",
        "",
        "temp"
      ],
      "formnames": [
        "channelname",
        "color",
        "title",
        "url",
        "authorname",
        "authorimageurl",
        "authorlink",
        "description",
        "thumbnail",
        "image",
        "footer",
        "timestamp",
        "saveToVariable",
        "saveToVariableType"
      ],
      "messageActionRows": [],
      "valueFields": []
    }
  ]
}