{
  "nodes": [
    {
      "type": "command",
      "name": "ticket",
      "guid": "ed743841-d792-4b04-a824-a3868baf0b28",
      "outputs": [
        {
          "label": "responses",
          "connections": [
            "c5080874-d805-4a92-80db-6c370cd990be"
          ]
        }
      ],
      "inputs": [],
      "x": 273,
      "y": 251
    },
    {
      "type": "response",
      "name": "ticket embed senden",
      "guid": "c5080874-d805-4a92-80db-6c370cd990be",
      "reactionFields": [],
      "embedfields": [],
      "saveToVariable": "",
      "saveToVariableType": "temp",
      "outputs": [
        {
          "label": "next response",
          "connections": []
        }
      ],
      "inputs": [
        {
          "label": "trigger",
          "id": "ed743841-d792-4b04-a824-a3868baf0b28"
        }
      ],
      "x": 463,
      "y": 215,
      "rtype": "Message",
      "rsubtype": "Send Embed",
      "formdata": [
        "${dbsVars.CommandChannel.id}",
        "9819FF",
        "Ticketsystem",
        "",
        "",
        "",
        "",
        "Drücke auf den Button, um ein Ticket zu öffnen.\n\n<:nightv:983790956128120862> = Support Ticket\n<:nightv:983790956128120862> = Spenden Ticket\n<:nightv:983790956128120862> = Fraktions Ticket\n<:nightv:983790956128120862> = Bewerbungs Ticket",
        "https://cdn.discordapp.com/attachments/951137643285086298/984439897752469534/Animation.gif",
        "",
        "Offizieller Bot by Colin | Night-V 💜",
        "false",
        "",
        "temp"
      ],
      "formnames": [
        "channelname",
        "color",
        "title",
        "url",
        "authorname",
        "authorimageurl",
        "authorlink",
        "description",
        "thumbnail",
        "image",
        "footer",
        "timestamp",
        "saveToVariable",
        "saveToVariableType"
      ],
      "messageActionRows": [
        {
          "rowtype": "button",
          "buttons": [
            {
              "label": "Support",
              "customid": "support",
              "style": "SECONDARY",
              "emoji": "<:nightv:983790956128120862>",
              "URL": "",
              "ephemeral": true
            },
            {
              "label": "Spenden",
              "customid": "spenden",
              "style": "SECONDARY",
              "emoji": "<:nightv:983790956128120862>",
              "URL": "",
              "ephemeral": true
            },
            {
              "label": "Fraktion",
              "customid": "fraktion",
              "style": "SECONDARY",
              "emoji": "<:nightv:983790956128120862>",
              "URL": "",
              "ephemeral": true
            },
            {
              "label": "Bewerbung",
              "customid": "bewerbung",
              "style": "SECONDARY",
              "emoji": "<:nightv:983790956128120862>",
              "URL": "",
              "ephemeral": true
            }
          ]
        }
      ],
      "valueFields": []
    }
  ]
}